aks1738	Ackeem	shwarct	8765672033	Ackshwarct033@gmail.com	Papine	UTECH	none	0
jib1731	Jim	Bibby	8765672032	Jibibby032@gmail.com	Papine	UTECH	none	0
wigor1732	Willam	Gordon	8765672031	WillGord31@gmail.com	Papine	UTECH	none	0
pabon1733	Pamela	Brown	8765672034	PamBrown34@gmail.com	Papine	UTECH	none	0
dawoo1734	David	Woolery	8765672035	vidoWoolery67@gmail.com	Papine	UTECH	none	0
tobab1736	Toni	Babby	8765672036	ToniBab20@gmail.com	Papine	UTECH	none	0
georop1	George	Roper	8765672037	GeorgeRoper@gmail.com	Papine	UTECH	none	0
kensup2	Kendrick	Super	8765672038	KenSup38@yahoo.com	Papine	UTECH	none	0
jcar3	John	Carter	8765672039	TheCarterVI@yahoo.com	Papine	UTECH	none	0
kfly4	Kermait	Ffly	8765672010	KeroFfly10@yahoo.com	Papine	UTECH	none	0
lwick5	Level	wickam	8765672011	wickam.Level@yahoo.com	Papine	UTECH	none	0
renk6	Ren	Keem	8765672012	RKeem2012@yahoo.com	Liguanea	CMU	none	0
jim1737	Jimpusf	Kumar	8765672013	JimpusfKumar@yahoo.com	Liguanea	CMU	none	1
gepar7	Gehwn	Paris	8765672014	GehwnParis@yahoo.com	Liguanea	CMU	none	1
wia8	Wiam	Lamar	8768734565	Wiam22Lamar@outlook.com	Liguanea	CMU	none	1
dev1739	Dever	Homes	8768734564	DeverHommy5@outlook.com	Liguanea	CMU	none	0
supwal9	Super	Walker	8768734563	SuperWalker1@outlook.com	Liguanea	CMU	none	0
doop10	Dooper	Defour	8768734562	DooperDefour@outlook.com	Liguanea	CMU	none	0
uper11	Uper	Jimcricket	8768734519	UperJimcricket@outlook.com	Liguanea	CMU	none	0
Watson12	Watson	James	8768734560	WatsonJames876@outlook.com	Liguanea	CMU	none	0
Kimberly13	Kimberly	Spencer	8768734566	KimSpencer07@outlook.com	Liguanea	UTECH	none	0
Tyrien14	Tyrien	Gilpin	8768734567	TGilo5@outlook.com	Barbican	UTECH	none	0
Jimmy15	Jimmy	Mcgill	8768734568	Jimmy.Mcgill@outlook.com	Barbican	NCU	none	0
Saul16	Saul	Goodman	8768734569	SaulGman5@outlook.com	Barbican	NCU	none	0
Derrick17	Derrick	Logan	8768734510	DerrickLogan@utech.edu	Barbican	UTECH	UTECH	1
David18	David	White	8768734511	DavidWhite@utech.edu	Barbican	UTECH	UTECH	1
Ian19	Ian	Mcgowan	8768734512	IanMcgowan@utech.edu	Barbican	UTECH	UTECH	0
Micheal20	Micheal	Manley	8768734513	MichealManley@moe.jm.gov	Barbican	none	MOE	0
Roger123	Roger	Que	8768734514	RogerQue@moe.jm.gov	Barbican	none	MOE	0
Antonio124	Antonio	Johnson	8762349674	AntonioJohnson@moe.jm.gov	Barbican	none	MOE	0
Danae125	Danae	Brinks	8762349673	DanaeBrinks@moe.jm.gov	Barbican	none	MOE	0
Dwayne126	Dwayne	Gibbison	8762349672	DwayneGibbison@moe.jm.gov	Barbican	none	MOE	1
Deidre127	Deidre	Cobam	8762349671	DeidreCobam@moe.jm.gov	Barbican	none	MOE	0
Gail128	Gail	Archer	8762349670	GailArcher@moe.jm.gov	Barbican	none	MOE	0
Christina1	Christina	Brown	8762349675	ChristinaBrown@gk.foods.co	Barbican	none	GKF	1
Christina9	Christina	Lewis	8762349676	ChristinaLewis@gk.foods.co	Barbican	none	GKF	0
Jada223	Jada	Smith	8762349677	JadaSmith@gk.foods.co	Barbican	none	GKF	0
Alex224	Alex	Freeman	8762349678	AlexFreeman@gk.foods.co	Barbican	none	GKF	1
Joel225	Joel	Red	8762349679	JoelRed@gk.foods.co	MedowBrook	none	GKF	0
Kevon226	Kevon	Myers	8762349610	KevonMyers@gk.foods.co	MedowBrook	none	GKF	0
Matique227	Matique	Evans	8762349611	MatiqueEvans@uwi.mona.edu	MedowBrook	UWI	none	0
Nathan228	Nathan	Betton	8762349612	NathanTBetton@uwi.mona.edu	MedowBrook	UWI	none	0
Nia229	Nia	fuller	8762349613	NiaNfuller@uwi.mona.edu	MedowBrook	UWI	none	0
Nioka230	Nioka	Williams	8762349614	NiokaWilliams@uwi.mona.edu	MedowBrook	UWI	none	0
ODANE231	ODANE	Fullbrook	8764132515	ODANEFullbrook@uwi.mona.edu	MedowBrook	UWI	none	0
Sudan232	Sudan	Mcmayne	8764132516	SudanMcmayne@uwi.mona.edu	MedowBrook	UWI	none	0
Justin233	Justin	Skim	8764132517	JustinSkim@uwi.mona.edu	MedowBrook	UWI	none	1
Sam234	Sam	Sharp	8764132518	SamSharp@moe.jm.gov	MedowBrook	none	none	1
Kareem235	Kareem	Feather	8764132519	KaFeat56@gmail.com	Portmore	none	none	0
Jeez236	Jeez	Louis	8764132510	JeezLouis501@gmail.com	Portmore	none	none	0
Stark20	Kira	Stark	8767493729	KiraStark89@gamil.com	Papine	UTECH	none	0
Mar402	Martin	Key	8763930134	MartinKey759@gmail.com	Papine	UTECH	none	0
Nle120	Nyla	Mcneil	8769350170	NylaMcneil@outlook.com	Liguanea	CMU	none	0
Sage34	Sage	Crosby	8764375058	SageCrosby@gmail.com	Papine	UTECH	none	0
Lindsey57	Lindsey	Dodson	8763832890	LindseyDodson@gmail.com	Papine	UTECH	none	0
Donna39	Donna	Perkins	8763854664	DonnaPerkins@outlook.com	Liguanea	CMU	none	0
Simon90	Saniya	Simon	8766304564	SaniyaSimon@uwi.mona.edu	MedowBrook	UWI	none	1
Gunnar503	Gunnar	Beard	8769587392	GunnarBeard2@gk.foods.co	Barbican	none	GKF	0
Ameri129	America	Valdez	8765092343	AmericaValdez@gk.foods.co	Barbican	none	GKF	0
KashB302	Kash	Burgess	8768859304	KashBurgess@gk.foods.co	Barbican	none	GKF	0
JacoG293	Jacob	Good	8768372049	JacobGood@gk.foods.co	Barbican	none	GKF	0
Shelby420	Shelby	Bolton	8768390385	ShelbyBolton@gk.foods.co	Barbican	none	GKF	0
Jamar392	Jamar	Raymond	8768739292	JamarRaymond@uwi.mona.edu	MedowBrook	UWI	none	0
Yu492	Clayton	Yu	8768291080	ClaytonYu@uwi.mona.edu	MedowBrook	UWI	none	0
Ali283	Ali	Conner	8769283022	AliConner@uwi.mona.edu	MedowBrook	UWI	none	0
Garner2094	Reginald	Garner	8768020830	GarnerReginal@uwi.mona.edu	MedowBrook	UWI	none	0
Darryl94	Darryl	Webster	8769289409	WebsterDarryl@uwi.mona.edu	MedowBrook	UWI	none	0
Maya948	Maya	Sawyer	8763568899	MayaSawyer@uwi.mona.edu	MedowBrook	UWI	none	0
Nathaly90	Nathaly	Gallagher	8767893579	Nathaly23@uwi.mona.edu	MedowBrook	UWI	none	0
Kadyn403	Kadyn	Burke	8764578909	KadynBurke@uwi.mona.edu	MedowBrook	UWI	none	0
Ferrell39	Abdullah	Ferrell	8763085785	Abderrell@uwi.mona.edu	MedowBrook	UWI	none	0
Nevaeh12	Nevaeh	Harrison	8769644745	Nevarrison@uwi.mona.edu	MedowBrook	UWI	none	0
Reid74	Reid	Bryan	8764598993	ReidBryan@uwi.mona.edu	MedowBrook	UWI	none	0
Larson849	Kaleigh	Larson	8765489666	KaleighLarson@uwi.mona.edu	MedowBrook	UWI	none	0
Anika57	Anika	Wilkerson	8764690092	AnikaWilkerson@uwi.mona.edu	MedowBrook	UWI	none	0
Monroe58	Quinten	Monroe	8769843567	QuintenMonroe@uwi.mona.edu	MedowBrook	UWI	none	0
Tucker84	Howard	Tucker	8768578994	HowardTucker@uwi.mona.edu	MedowBrook	UWI	none	0
Porter23	Jeffery	Porter	8769435678	JefferyPorter@uwi.mona.edu	MedowBrook	UWI	none	0
Reyes948	Mckenzie	Reyes	8769646789	MckenzieReyes@uwi.mona.edu	MedowBrook	UWI	none	0
Best2839	Katelynn	Best	8764309457	KatelynnBest@uwi.mona.edu	MedowBrook	UWI	none	0
Jackson49	Deandre	Jackson	8764397598	DeandreJackson@uwi.mona.edu	MedowBrook	UWI	none	0
Daniels489	Benjamin	Daniels	8769035678	BenjiDaniels@uwi.mona.edu	MedowBrook	UWI	none	0
Kenley478	Kenley	Gaines	8763974893	KenleyGaines@utech.edu	Barbican	UTECH	UTECH	1
Miles892	Zechariah	Miles	8764539453	ZechariahMiles@utech.edu	Barbican	UTECH	UTECH	1
Olson29	Kaylie	Olson	8769374858	KaylieOlson@utech.edu	Barbican	UTECH	UTECH	1
Horn920	Phoenix	Horn	8764883394	PhoenixHorn@utech.edu	Barbican	UTECH	UTECH	1
Guzman83	Gisselle	Guzman	8765938449	GisselleGuzman@utech.edu	Barbican	UTECH	UTECH	1
Arias82	Avery	Arias	8769949939	AveryArias@utech.edu	Barbican	UTECH	UTECH	1
Graves028	Julien	Graves	8769488393	JulienGraves@utech.edu	Barbican	UTECH	UTECH	1
Felix083	Felix	Dodson	8764889893	FelixDodson@utech.edu	Barbican	UTECH	UTECH	1
Selah839	Selah	Andrews	8768488396	SelahAndrews@utech.edu	Barbican	UTECH	UTECH	1
Augustus29	Augustus	Mcmillan	8768478385	AugustusMcmillan@utech.edu	Barbican	UTECH	UTECH	1
Belen02	Belen	Mccoy	8768398394	BelenMccoy@utech.edu	Barbican	UTECH	UTECH	1
Bella39	Bella	Brooks	8769485939	BellaBrooks@utech.edu	Barbican	UTECH	UTECH	1
Damarion389	Damarion	Randolph	8764093049	DamarionRandolph@utech.edu	Barbican	UTECH	UTECH	1
Raymond093	Gilberto	Raymond	8764902030	GilbertoRaymond@utech.edu	Barbican	UTECH	UTECH	1
Allie38	Allie	Bentley	8764030939	AllieBentley@utech.edu	Barbican	UTECH	UTECH	1
Cora39	Cora	Payne	8769490204	CoraPayne@utech.edu	Barbican	UTECH	UTECH	1
Avery29	Avery	Brennan	8769300298	AveryBrennan@utech.edu	Barbican	UTECH	UTECH	1
Barron029	Talia	Barron	8764903894	TaliaBarron@utech.edu	Barbican	UTECH	UTECH	1
Molly309	Molly	Oconnell	8764950494	MollyOconnell@utech.edu	Barbican	UTECH	UTECH	1
Simon290	Madelynn	Simon	8768939384	MadelynnSimon@utech.edu	Barbican	UTECH	UTECH	1
Salas30	Hayley	Salas	8769402044	HayleySalas@utech.edu	Barbican	UTECH	UTECH	1
Price902	Osvaldo	Price	8769483933	OsvaldoPrice@utech.edu	Barbican	UTECH	UTECH	1
Dania239	Dania	Ramirez	8768478394	DaniaRamirez@utech.edu	Barbican	UTECH	UTECH	1
Ray92	Frankie	Ray	8768594983	FrankieRay@utech.edu	Barbican	UTECH	UTECH	1
Pope902	Brooks	Pope	8768398398	BrooksPope@utech.edu	Barbican	UTECH	UTECH	1
Barber929	Grayson	Barber	8764568903	GraysonBarber@uwi.mona.edu	MedowBrook	UWI	none	0
Tori39	Tori	Mcclure	8768939398	ToriMcclure@uwi.mona.edu	MedowBrook	UWI	none	0
Damaris29	Damaris	Garner	8763993498	DamarisGarner@uwi.mona.edu	MedowBrook	UWI	none	0
Ale930	Alessandro	Estrada	8762974934	AlessandroEstrada@uwi.edu	MedowBrook	UWI	none	0
Joyce902	Gunner	Joyce	8764323245	GunnerJoyce@uwi.mona.edu	MedowBrook	UWI	none	0
Alber29	Alberto	Fitzgerald	8764354443	AlbertoFitzgerald@uwi.edu	MedowBrook	UWI	none	0
Janae874	Janae	Mendoza	8765454545	JanaeMendoza@uwi.mona.edu	MedowBrook	UWI	none	0
Aydin389	Aydin	Jensen	8763553424	AydinJensen@uwi.mona.edu	MedowBrook	UWI	none	0
Mira938	Mira	Avila	8763434343	MiraAvila@uwi.mona.edu	MedowBrook	UWI	none	0
Adriel389	Adriel	Farmer	8763234554	AdrielFarmer@uwi.mona.edu	MedowBrook	UWI	none	0
Quint839	Quintin	Mcclure	8764653424	uintinMcclure@uwi.mona.edu	MedowBrook	UWI	none	0
Marlene93	Marlene	Avila	8769876555	MarleneAvila@uwi.mona.edu	MedowBrook	UWI	none	0
Ellis39	Karley	Ellis	8766436343	KarleyEllis@uwi.mona.edu	MedowBrook	UWI	none	0
Hops93	Haiden	Hopkins	8768766566	HaidenHopkins@uwi.mona.edu	MedowBrook	UWI	none	0
Henry390	Blake	Henry	8767536756	BlakeHenry@uwi.mona.edu	MedowBrook	UWI	none	0
Eli39	Eliana	Mckenzie	8767546577	ElianaMckenzie@uwi.mona.edu	MedowBrook	UWI	none	0
Jerami389	Jeramiah	Mann	8764444446	JeramiahMann@uwi.mona.edu	MedowBrook	UWI	none	0
Lambert39	Belinda	Lambert	8765474745	BelindaLambert@uwi.mona.edu	MedowBrook	UWI	none	0
Lynch8392	Henry	Lynch	8769459848	HenryLynch@uwi.mona.edu	MedowBrook	UWI	none	0
Haas48	Jennifer	Haas	8766437575	JenniferHaas@uwi.mona.edu	MedowBrook	UWI	none	0
Hart84	Enrique	Hart	8767654435	EnriqueHart@uwi.mona.edu	MedowBrook	UWI	none	0
Boyd893	Heath	Boyd	8766545654	HeathBoyd@uwi.mona.edu	MedowBrook	UWI	none	0
Crosby839	Elisha	Crosby	8766454574	ElishaCrosby@uwi.mona.edu	MedowBrook	UWI	none	0
Mara83	Mara	Duran	8767543255	MaraDuran@uwi.mona.edu	MedowBrook	UWI	none	0
Reina488	Reina	Cunningham	8769045033	ReinaCunningham@uwi.edu	MedowBrook	UWI	none	0
Dakota894	Dakota	Reeves	8764547576	DakotaReeves@uwi.mona.edu	MedowBrook	UWI	none	0
Nylah385	Nylah	Garrett	8762643575	NylahGarrett@uwi.mona.edu	MedowBrook	UWI	none	0
Maria589	Maria	Lyons	8765309459	MariaLyons@uwi.mona.edu	MedowBrook	UWI	none	0
Cesar489	Cesar	Keller	8765443566	CesarKeller@uwi.mona.edu	MedowBrook	UWI	none	0
Mayra983	Mayra	Hurley	8769404094	MayraHurley@uwi.mona.edu	MedowBrook	UWI	none	0
Layla839	Layla	Carter	8763555454	LaylaCarter@uwi.mona.edu	MedowBrook	UWI	none	0
Fowler48	Kallie	Fowler	8763333566	KallieFowler@uwi.mona.edu	MedowBrook	UWI	none	0
Velez487	Juliette	Velez	8765346355	JulietteVelez@uwi.mona.edu	MedowBrook	UWI	none	0
Able843	Abel	Wolfe	8765446566	AbelWolfe@uwi.mona.edu	MedowBrook	UWI	none	0
Dodson489	Kendra	Dodson	8764556346	KendraDodson@uwi.mona.edu	MedowBrook	UWI	none	0
Jayden298	Jayden	Rodriguez	8765544577	JaydenRodriguez@uwi.edu	MedowBrook	UWI	none	0
Paola849	Paola	Archer	8768753366	PaolaArcher@uwi.mona.edu	MedowBrook	UWI	none	0
Hadley487	Hadley	Barajas	8765345645	HadleyBarajas@uwi.mona.edu	MedowBrook	UWI	none	0
Reilly44	Reilly	Baldwin	8765357536	ReillyBaldwin@uwi.mona.edu	MedowBrook	UWI	none	0
Collins578	Jocelyn	Collins	8765403594	JocelynCollins@uwi.mona.edu	MedowBrook	UWI	none	0
Amir748	Amir	Valentine	8764576565	AmirValentine@uwi.mona.edu	MedowBrook	UWI	none	0
Selena847	Selena	Moreno	8763456646	SelenaMoreno@uwi.mona.edu	MedowBrook	UWI	none	0
Hull783	Davis	Hull	8763469406	DavisHull@uwi.mona.edu	MedowBrook	UWI	none	0
Marcus847	Marcus	Lewis	8764543674	MarcusLewis@uwi.mona.edu	MedowBrook	UWI	none	0
Leo48	Nathanael	Leonard	8763453466	NathanaelLeonard@uwi.edu	MedowBrook	UWI	none	0
Perry843	Athena	Perry	8764544656	AthenaPerry@uwi.mona.edu	MedowBrook	UWI	none	0
Maritza38	Maritza	Hancock	8760834545	MaritzaHancock@uwi.mona.edu	MedowBrook	UWI	none	0
Valerie089	Valerie	Thornton	8763456653	ValerieThornton@uwi.edu	MedowBrook	UWI	none	0
Andy998	Andy	Roy	8766445655	AndyRoy@uwi.mona.edu	MedowBrook	UWI	none	0
Miles582	Celia	Miles	8766464554	CeliaMiles@uwi.mona.edu	MedowBrook	UWI	none	0
Kate985	Kate	Henry	8764535676	KateHenry@uwi.mona.edu	MedowBrook	UWI	none	0
Robb893	Antony	Robbins	8765453455	AntonyRobbins@uwi.mona.edu	MedowBrook	UWI	none	0
Jami498	Jamison	Zimmerman	8764565674	JamisonZimmerman@uwi.edu	MedowBrook	UWI	none	0
Connon29	Hayden	Cannon	8763575435	HaydenCannon@uwi.mona.edu	MedowBrook	UWI	none	0
Hill093	Saniya	Hill	8769038486	SaniyaHill@uwi.mona.edu	MedowBrook	UWI	none	0
Kara892	Kara	Michael	8769435054	KaraMichael@uwi.mona.edu	MedowBrook	UWI	none	0
Grace894	Grace	Welch	8769458548	GraceWelch@uwi.mona.edu	MedowBrook	UWI	none	0
Knapp928	Evelyn	Knapp	8764843803	EvelynKnapp@uwi.mona.edu	MedowBrook	UWI	none	0
Barnes378	Tristen	Barnes	8765450580	TristenBarnes@uwi.mona.edu	MedowBrook	UWI	none	0
Sammy82	Sammy	Yates	8764848804	SammyYates@uwi.mona.edu	MedowBrook	UWI	none	0
Ocnnor578	Nathanael	Oconnor	8765465564	NathanaelOconnor@uwi.edu	MedowBrook	UWI	none	0
Aarav7843	Aarav	Maxwell	8764550405	AaravMaxwell@uwi.mona.edu	MedowBrook	UWI	none	0
Good77	Zane	Good	8765404409	ZaneGood@uwi.mona.edu	MedowBrook	UWI	none	0
Carson893	Nayeli	Carson	8760954009	NayeliCarson@uwi.mona.edu	MedowBrook	UWI	none	0
Garrett829	Itzel	Garrett	8764539485	ItzelGarrett@uwi.mona.edu	MedowBrook	UWI	none	0
Sheldon290	Sheldon	Peters	8765460945	SheldonPeters@uwi.mona.edu	MedowBrook	UWI	none	0
Wang3897	Darius	Wang	8765409450	DariusWang@uwi.mona.edu	MedowBrook	UWI	none	0
Audrey3849	Audrey	Gardner	8765490930	AudreyGardner@uwi.mona.edu	MedowBrook	UWI	none	0
David8920	Emerson	David	8765489343	EmersonDavid@uwi.mona.edu	MedowBrook	UWI	none	0
Kidd893	Aaron	Kidd	8765490045	AaronKidd@uwi.mona.edu	MedowBrook	UWI	none	0
Ortiz89	Aubrey	Ortiz	8765909309	AubreyOrtiz@uwi.mona.edu	MedowBrook	UWI	none	0
Fisher92	Madelynn	Fisher	8765409540	MadelynnFisher@uwi.mona.edu	MedowBrook	UWI	none	0
Gage89	Gage	Velasquez	8765409952	GageVelasquez@uwi.mona.edu	MedowBrook	UWI	none	0
Seth829	Seth	Dillon	8765490459	SethDillon@uwi.mona.edu	MedowBrook	UWI	none	0
Evan892	Evan	Wilson	8765904950	EvanWilson@moe.jm.gov	Barbican	none	MOE	1
Luis982	Luis	Hood	8765945095	LuisHood@moe.jm.gov	Barbican	none	MOE	1
Nora839	Nora	Parks	8765904590	NoraParks@moe.jm.gov	Barbican	none	MOE	1
Kelley928	Haley	Kelley	8765954059	HaleyKelley@moe.jm.gov	Barbican	none	MOE	1
Taryn938	Taryn	Schmitt	8765004590	TarynSchmitt@moe.jm.gov	Barbican	none	MOE	1
Ibrahim289	Ibrahim	Peck	8765490595	IbrahimPeck@moe.jm.gov	Barbican	none	MOE	1
Darrell982	Darrell	Rosales	8765904595	DarrellRosales@moe.jm.gov	Barbican	none	MOE	1
Mariyah009	Mariyah	Guerrero	8765940543	MariyahGuerrero@moe.jm.gov	Barbican	none	MOE	1
Barrett489	Barrett	Boyle	8760540433	BarrettBoyle@moe.jm.gov	Barbican	none	MOE	1
Robles28	Lorelei	Robles	8764594092	LoreleiRobles@moe.jm.gov	Barbican	none	MOE	1
Abram389	Abram	Spears	8765049459	AbramSpears@moe.jm.gov	Barbican	none	MOE	1
Leah892	Leah	Villanueva	8763495004	LeahVillanueva@moe.jm.gov	Barbican	none	MOE	1
Tanner746	Quentin	Tanner	8763095406	QuentinTanner@moe.jm.gov	Barbican	none	MOE	1
Nasir290	Nasir	Bradshaw	8763490304	NasirBradshaw@moe.jm.gov	Barbican	none	MOE	1
Maxim873	Maxim	Lowery	8763403040	MaximLowery@moe.jm.gov	Barbican	none	MOE	1
Shiloh893	Shiloh	Williamson	8762028050	ShilohWilliamson@gamil.com	Barbican	none	MOE	1
Juarez892	Georgia	Juarez	8760340034	GeorgiaJuarez@moe.jm.gov	Barbican	none	MOE	1
Ashlyn98	Ashlyn	Jensen	8764059300	AshlynJensen@moe.jm.gov	Barbican	none	MOE	1
Osvaldo032	Osvaldo	Monroe	8765909403	OsvaldoMonroe@moe.jm.gov	Barbican	none	MOE	1
Rubio323	Marlee	Rubio	8768543453	MarleeRubio@utech.edu	Barbican	UTECH	UTECH	1
Love02	Haylie	Love	8763030355	HaylieLove@utech.edu	Barbican	UTECH	UTECH	1
Deandre043	Deandre	Holland	8763554444	DeandreHolland@utech.edu	Barbican	UTECH	UTECH	1
Gamble728	Brielle	Gamble	8769876543	BrielleGamble@utech.edu	Barbican	UTECH	UTECH	1
Howell920	Mikaela	Howell	8766069040	MikaelaHowell@utech.edu	Barbican	UTECH	UTECH	1
Stewart829	Alana	Stewart	8765049609	AlanaStewart@utech.edu	Barbican	UTECH	UTECH	1
Rocha3928	Angelo	Rocha	8764946960	AngeloRocha@utech.edu	Barbican	UTECH	UTECH	1
Jasper209	Jasper	Bender	8764094940	JasperBender@utech.edu	Barbican	UTECH	UTECH	1
Devan20	Devan	Hughes	8760954046	DevanHughes@utech.edu	Barbican	UTECH	UTECH	1
Lang289	Carter	Lang	8769695904	CarterLang@utech.edu	Barbican	UTECH	UTECH	1
Kaya02	Kaya	Newton	8766095609	KayaNewton@utech.edu	Barbican	UTECH	UTECH	1
Irwin56	Corinne	Irwin	8766039050	CorinneIrwin@utech.edu	Barbican	UTECH	UTECH	1
Kenna894	Kenna	Ferguson	8769560956	KennaFerguson@utech.edu	Barbican	UTECH	UTECH	1
Maria982	Maria	Estrada	8766094504	MariaEstrada@utech.edu	Barbican	UTECH	UTECH	1
Sariah893	Sariah	Fernandez	8760540045	SariahFernandez@utech.edu	Barbican	UTECH	UTECH	1
Chance209	Chance	Downs	8765755054	ChanceDowns@utech.edu	Barbican	UTECH	UTECH	1
Justus902	Justus	Elliott	8767554544	JustusElliott@utech.edu	Barbican	UTECH	UTECH	1
West781	Miles	West	8767564565	MilesWest@utech.edu	Barbican	UTECH	UTECH	1
Myles892	Myles	Mcclain	8768754556	MylesMcclain@utech.edu	Barbican	UTECH	UTECH	1
Tyler8923	Darrell	Tyler	8767545675	DarrellTyler@utech.edu	Barbican	UTECH	UTECH	1
Neil561	Neil	Jordan	8768756545	NeilJordan@utech.edu	Barbican	UTECH	UTECH	1
Lutz46	Jameson	Lutz	8767534557	JamesonLutz@utech.edu	Barbican	UTECH	UTECH	1
Grant673	Emelia	Grant	8768765444	EmeliaGrant@utech.edu	Barbican	UTECH	UTECH	1
J872	Jaqueline	Mcintyre	8768675656	JaquelineMcintyre@utech.edu	Barbican	UTECH	UTECH	1
Rivera89	Mikayla	Rivera	8764564433	MikaylaRivera@utech.edu	Barbican	UTECH	UTECH	1
Franco897	Darius	Franco	8765645645	DariusFranco@utech.edu	Barbican	UTECH	UTECH	1
Cailyn123	Cailyn	Coleman	8763455664	CailynColeman@utech.edu	Barbican	UTECH	UTECH	1
Rosario79	Avery	Rosario	8765435355	AveryRosario@utech.edu	Barbican	UTECH	UTECH	1
Cortez78	Georgia	Cortez	8766454564	GeorgiaCortez@utech.edu	Barbican	UTECH	UTECH	1
IshM01	Ishaan	May	8765546566	IshaanMay@utech.edu	Barbican	UTECH	UTECH	1
King8767	King	Holland	8767564554	KingHolland@utech.edu	Barbican	UTECH	UTECH	1
Logan09656	King	Logan	8767545566	KingLogan@utech.edu	Barbican	UTECH	UTECH	1
Flynn3487	Soren	Flynn	8769349050	SorenFlynn@utech.edu	Barbican	UTECH	UTECH	1
Thomas3456	Marcelo	Thomas	8768935983	MarceloThomas@utech.edu	Barbican	UTECH	UTECH	1
Prince0932	Brian	Prince	8760934589	BrianPrince@utech.edu	Barbican	UTECH	UTECH	1
Bass2356	Reagan	Bass	8763035804	ReaganBass@utech.edu	Barbican	UTECH	UTECH	1
Turner567	German	Turner	8769240840	GermanTurner@utech.edu	Barbican	UTECH	UTECH	1
Sa3254	Tatiana	Saunders	8764289430	TatianaSaunders@utech.edu	Barbican	UTECH	UTECH	1
Jon346	Jon	Cisneros	8764300503	JonCisneros@utech.edu	Barbican	UTECH	UTECH	1
Natasha097	Natasha	Holloway	8763254652	NatashaHolloway@utech.edu	Barbican	UTECH	UTECH	1
Julio3445	Julio	Cervantes	8763452354	JulioCervantes@utech.edu	Barbican	UTECH	UTECH	1
Rios6889	Liana	Rios	8763534453	LianaRios@utech.edu	Barbican	UTECH	UTECH	1
Stokes080	Aurora	Stokes	8765453432	AuroraStokes@utech.edu	Barbican	UTECH	UTECH	1
Sweeney1234	Lorelei	Sweeney	8764534243	LoreleiSweeney@utech.edu	Barbican	UTECH	UTECH	1
Wheeler0987	Malcolm	Wheeler	8764534343	MalcolmWheeler@utech.edu	Barbican	UTECH	UTECH	1
Bird0967	Lawson	Bird	8763455645	LawsonBird@utech.edu	Barbican	UTECH	UTECH	1
Merritt678	Amani	Merritt	8766453433	AmaniMerritt@utech.edu	Barbican	UTECH	UTECH	1
Dyer546	Jared	Dyer	8766490430	JaredDyer@utech.edu	Barbican	UTECH	UTECH	1
Simmons78	Mohammed	Simmons	8765390340	MohammedSimmons@utech.edu	Barbican	UTECH	UTECH	1
Knight57	Lizeth	Knight	8760930945	LizethKnight@utech.edu	Barbican	UTECH	UTECH	1
Berg678	Demetrius	Berg	8764033490	DemetriusBerg@utech.edu	Barbican	UTECH	UTECH	1
Maxim455	Maxim	Peterson	8763983003	MaximPeterson@utech.edu	Barbican	UTECH	UTECH	1
Cortez8967	Maxim	Cortez	8764390394	MaximCortez@utech.edu	Barbican	UTECH	UTECH	1
Hudson349	Catalina	Hudson	8764903900	CatalinaHudson@utech.edu	Barbican	UTECH	UTECH	1
Dawson243	Valentino	Dawson	8763943092	ValentinoDawson@utech.edu	Barbican	UTECH	UTECH	1
Cloe347	Cloe	Tyler	8764994032	CloeTyler@utech.edu	Barbican	UTECH	UTECH	1
Juarez089	Nadia	Juarez	8764090394	NadiaJuarez@utech.edu	Barbican	UTECH	UTECH	1
rawford456	Ryland	Crawford	8769433094	RylandCrawford@utech.edu	Barbican	UTECH	UTECH	1
Noble987	Gavin	Noble	8764038430	GavinNoble@utech.edu	Barbican	UTECH	UTECH	1
Morgan0809	Skylar	Morgan	8768493389	SkylarMorgan@utech.edu	Barbican	UTECH	UTECH	1
Hood979	Kael	Hood	8768398493	KaelHood@utech.edu	Barbican	UTECH	UTECH	1
Vase5487	Raegan	Vase	8768348438	RaeganVase@utech.edu	Barbican	UTECH	UTECH	1
Adams087	Vivian	Adams	8769489349	VivianAdams@utech.edu	Barbican	UTECH	UTECH	1
Berg076	Osvaldo	Berg	8769824984	OsvaldoBerg@utech.edu	Barbican	UTECH	UTECH	1
Hodge065	Lilly	Hodge	8763939859	LillyHodge@utech.edu	Barbican	UTECH	UTECH	1
Oliver084	Casey	Oliver	8769340930	CaseyOliver@utech.edu	Barbican	UTECH	UTECH	1
Hardy360	Yahir	Hardy	8764934989	YahirHardy@utech.edu	Barbican	UTECH	UTECH	1
Dalton150	Deshawn	Dalton	8764389439	DeshawnDalton@utech.edu	Barbican	UTECH	UTECH	1
Richards023	Jordin	Richards	8763498934	JordinRichards@utech.edu	Barbican	UTECH	UTECH	1
Lang307	Andre	Lang	8763498349	AndreLang@utech.edu	Barbican	UTECH	UTECH	1
WHd753	Omar	Whitehead	8763893492	OmarWhitehead@utech.edu	Barbican	UTECH	UTECH	1
Fischer023	Brock	Fischer	8769489899	BrockFischer@utech.edu	Barbican	UTECH	UTECH	1
Hayes46	Francis	Hayes	8763489349	FrancisHayes@utech.edu	Barbican	UTECH	UTECH	1
Raphael028	Raphael	Mays	8764383498	RaphaelMays@utech.edu	Barbican	UTECH	UTECH	1
Durham067	Ruth	Durham	8763483994	RuthDurham@utech.edu	Barbican	UTECH	UTECH	0
Randall4576	King	Randall	8763840820	KingRandall@utech.edu	Barbican	UTECH	UTECH	1
Richmond354	Kelvin	Richmond	8763894898	KelvinRichmond@utech.edu	Barbican	UTECH	UTECH	1
Briggs798	Elisabeth	Briggs	8763489032	ElisabethBriggs@utech.edu	Barbican	UTECH	UTECH	1
A894M	Aydan	Montgomery	8769839023	AydanMontgomery@utech.edu	Barbican	UTECH	UTECH	1
C8892S	Sharon	Castillo	8763498439	SharonCastillo@utech.edu	Barbican	UTECH	UTECH	1
Oneal094	Corey	Oneal	8763488930	CoreyOneal@utech.edu	Barbican	UTECH	UTECH	1
Hn929092i	Dakota	Hinton	8764383499	DakotaHinton@utech.edu	Barbican	UTECH	UTECH	1
Dean2092	Stephen	Dean	8768934989	StephenDean@utech.edu	Barbican	UTECH	UTECH	1
Noble889	Jose	Noble	8764395849	JoseNoble@utech.edu	Barbican	UTECH	UTECH	1
Weiss6789	Madalyn	Weiss	8764983489	MadalynWeiss@utech.edu	Barbican	UTECH	UTECH	1
Rivers8798	Baron	Rivers	8763893499	BaronRivers@utech.edu	Barbican	UTECH	UTECH	1
Huffman67	Heath	Huffman	8765873489	HeathHuffman@utech.edu	Barbican	UTECH	UTECH	1
Silva579	Laura	Silva	8764364566	LauraSilva@utech.edu	Barbican	UTECH	UTECH	1
Esparza70	Irvin	Esparza	8764355655	IrvinEsparza@utech.edu	Barbican	UTECH	UTECH	1
Bean590	Kinsley	Bean	8764556454	KinsleyBean@utech.edu	Barbican	UTECH	UTECH	1
Davila64	Kelsey	Davila	8765565546	KelseyDavila@utech.edu	Barbican	UTECH	UTECH	1
Lutz58	Julio	Lutz	8766455435	JulioLutz@utech.edu	Barbican	UTECH	UTECH	1
Mullins869	Paige	Mullins	8766574555	PaigeMullins@utech.edu	Barbican	UTECH	UTECH	1
Perez364	Humberto	Perez	8765467545	HumbertoPerez@utech.edu	Barbican	UTECH	UTECH	1
Choi88	Tamia	Choi	8766567555	TamiaChoi@utech.edu	Barbican	UTECH	UTECH	1
Stone4534	Kylan	Stone	8760945405	KylanStone@utech.edu	Barbican	UTECH	UTECH	1
Boone54	Sadie	Boone	8765555664	SadieBoone@utech.edu	Barbican	UTECH	UTECH	1
Pope342	Kaden	Pope	8764550696	KadenPope@utech.edu	Barbican	UTECH	UTECH	1
Waters65	Dawson	Waters	8763434554	DawsonWaters@utech.edu	Barbican	UTECH	UTECH	1
Dyer78	Leonard	Dyer	8765453434	LeonardDyer@utech.edu	Barbican	UTECH	UTECH	1
Molina235	Demarcus	Molina	8766543456	DemarcusMolina@yahoo.com	Papine	UTECH	none	0
Mcclain758	Haven	Mcclain	8764565556	HavenMcclain@yahoo.com	Papine	UTECH	none	0
Cohen866	Kennedi	Cohen	8765434545	KennediCohen@yahoo.com	Papine	UTECH	none	0
Macias5457	Clayton	Macias	8765443444	ClaytonMacias@yahoo.com	Papine	UTECH	none	0
Tanner566	Abraham	Tanner	8763456434	AbrahamTanner@yahoo.com	Papine	UTECH	none	0
Shaffer356	Lyric	Shaffer	8765432223	LyricShaffer@yahoo.com	Papine	UTECH	none	0
Price65	Jocelynn	Price	8763434323	JocelynnPrice@yahoo.com	Papine	UTECH	none	0
Key56	Eduardo	Key	8763323432	EduardoKey@yahoo.com	Papine	UTECH	none	0
Leonard356	Juan	Leonard	8763433244	JuanLeonard@yahoo.com	Papine	UTECH	none	0
Perkins3546	David	Perkins	8763455344	DavidPerkins@yahoo.com	Papine	UTECH	none	0
Stanton8909	Axel	Stanton	8768954875	AxelStanton@yahoo.com	Papine	UTECH	none	0
Haney8899	Keith	Haney	8763988989	KeithHaney@yahoo.com	Papine	UTECH	none	0
Villegas365	Araceli	Villegas	8764389991	AraceliVillegas@yahoo.com	Papine	UTECH	none	0
Howard6745	Messiah	Howard	8768934990	MessiahHoward@yahoo.com	Papine	UTECH	none	0
Duke8934	Dominique	Duke	8769899490	DominiqueDuke@yahoo.com	Papine	UTECH	none	0
Camacho834	Julien	Camacho	8769898989	JulienCamacho@yahoo.com	Papine	UTECH	none	0
Page89	Efrain	Page	8763448993	EfrainPage@yahoo.com	Papine	UTECH	none	0
Fe38309eg	Zachery	Ferguson	8764898920	ZacheryFerguson@yahoo.com	Papine	UTECH	none	0
Copp098	Ramon	Copp	8768389239	RamonCopp@yahoo.com	Papine	UTECH	none	0
Griffin3489	Aryanna	Griffin	8768392839	AryannaGriffin@yahoo.com	Papine	UTECH	none	0
Hb8888	Brittany	Henderson	8762390490	BrittanyHenderson@yahoo.com	Papine	UTECH	none	0
Ho24	Piper	Ho	8763839048	PiperHo@yahoo.com	Papine	UTECH	none	0
3409Fj	Ainsley	Ferrell	8768398039	AinsleyFerrell@yahoo.com	Papine	UTECH	none	0
Yang894	Damion	Yang	8763030932	DamionYang@yahoo.com	Papine	UTECH	none	0
Key403	Cristian	Key	8763903903	CristianKey@yahoo.com	Papine	UTECH	none	0
Krueger349	Brenda	Krueger	8763028308	BrendaKrueger@yahoo.com	Papine	UTECH	none	0
Murray8934	Izabella	Murray	8763893800	IzabellaMurray@yahoo.com	Papine	UTECH	none	0
Hickman950	Jadyn	Hickman	8769304804	JadynHickman@yahoo.com	Papine	UTECH	none	0
Cooke8924	Marie	Cooke	8768349498	MarieCooke@yahoo.com	Papine	UTECH	none	0
Thompson093	Areli	Thompson	8760320830	AreliThompson@yahoo.com	Papine	UTECH	none	0
Moyer849	Isis	Moyer	8764398090	IsisMoyer@yahoo.com	Papine	UTECH	none	0
Wu894	Areli	Wu	8764280840	AreliWu@yahoo.com	Papine	UTECH	none	0
Haas4928	Katie	Haas	8763284889	KatieHaas@yahoo.com	Papine	UTECH	none	0
Reyes406	Felicity	Reyes	8764984384	FelicitReyes@yahoo.com	Papine	UTECH	none	0
Willis783	Serena	Willis	8764003480	SerenaWillis@yahoo.com	Papine	UTECH	none	0
Carroll902	Nataly	Carroll	8764083480	NatalyCarroll@yahoo.com	Papine	UTECH	none	0
Osborn839	Miley	Osborn	8764083040	MileyOsborn@yahoo.com	Papine	UTECH	none	0
34A907	Andrea	Gutierrez	8760849348	AndreaGutierrez@yahoo.com	Papine	UTECH	none	0
Aguirre323	Jane	Aguirre	8769549494	JaneAguirre@yahoo.com	Papine	UTECH	none	0
Howe554	Kamden	Howe	8764383934	KamdenHowe@yahoo.com	Papine	UTECH	none	0
Ritter9054	Carissa	Ritter	8763030858	CarissaRitter@yahoo.com	Papine	UTECH	none	0
Liu404	Charles	Liu	8763084300	CharlesLiu@yahoo.com	Papine	UTECH	none	0
Knight902	Terrence	Knight	8763085892	TerrenceKnight@yahoo.com	Papine	UTECH	none	0
Berg409	Jensen	Berg	8764893984	JensenBerg@yahoo.com	Papine	UTECH	none	0
Gibson042	Makayla	Gibson	8768309339	MakaylaGibson@yahoo.com	Papine	UTECH	none	0
Friedman504	Ian	Friedman	8768439489	IanFriedman@yahoo.com	Papine	UTECH	none	0
0B9D4W	Bridger	Washington	8763489498	BridgerWashington@yahoo.com	Papine	UTECH	none	0
Washing894	Eugene	Washing	8763093284	EugeneWashing@yahoo.com	Papine	UTECH	none	0
Adams383	Frank	Adams	8769848340	FrankAdams@yahoo.com	Papine	UTECH	none	0
Manning289	Nathalia	Manning	8764988300	NathaliaManning@yahoo.com	Papine	UTECH	none	0
Lion379	Octavio	Lion	8764889348	OctavioLion@yahoo.com	Papine	UTECH	none	0
An1ee32	Raquel	Andersen	8764893842	RaquelAndersen@yahoo.com	Papine	UTECH	none	0
Hale393	Beau	Hale	8764934949	BeauHale@yahoo.com	Papine	UTECH	none	0
Key039	Keaton	Key	8764894849	KeatonKey@yahoo.com	Papine	UTECH	none	0
Wright209	Allie	Wright	8764939402	AllieWright@yahoo.com	Papine	UTECH	none	0
Trujillo203	Finnegan	Trujillo	8768938249	FinneganTrujillo@yahoo.com	Papine	UTECH	none	0
Guerra980	Madalyn	Guerra	8764384382	MadalynGuerra@yahoo.com	Papine	UTECH	none	0
Dixon07	Braiden	Dixon	8764984300	BraidenDixon@yahoo.com	Papine	UTECH	none	0
B131l907	Nia	Blackwell	8769040933	NiaBlackwell@yahoo.com	Papine	UTECH	none	0
Knight790	Allison	Knight	8764892903	AllisonKnight@yahoo.com	Papine	UTECH	none	0
Vance809	Mariana	Vance	8764093930	MarianaVance@yahoo.com	Papine	UTECH	none	0
Snow9089	Julien	Snow	8760940033	JulienSnow@yahoo.com	Papine	UTECH	none	0
Esparza97	Allen	Esparza	8763903988	AllenEsparza@yahoo.com	Papine	UTECH	none	0
Leblanc98	America	Leblanc	8769040430	AmericaLeblanc@yahoo.com	Papine	UTECH	none	0
Barker875	Ryker	Barker	8764902033	RykerBarker@yahoo.com	Papine	UTECH	none	0
Hancock98	Shania	Hancock	8764903030	ShaniaHancock@yahoo.com	Papine	UTECH	none	0
Deleon764	Julia	Deleon	8768409303	JuliaDeleon@yahoo.com	Papine	UTECH	none	0
Sloan589O	swaldo	Sloan	8764093039	swaldoSloan@yahoo.com	Papine	UTECH	none	0
Doyle87	Zayden	Doyle	8763444343	ZaydenDoyle@yahoo.com	Papine	UTECH	none	0
Stanton564	Jay	Stanton	8763454255	JayStanton@yahoo.com	Papine	UTECH	none	0
Ross539	Maci	Ross	8764535322	MaciRoss@yahoo.com	Papine	UTECH	none	0
Reese954	Presley	Reese	8765643423	PresleyReese@yahoo.com	Papine	UTECH	none	0
Br2309aw	Addisyn	Bradshaw	8768958909	AddisynBradshaw@yahoo.com	Papine	UTECH	none	0
Rubio923	Esther	Rubio	8763534093	EstherRubio@yahoo.com	Papine	UTECH	none	0
Hester092	Jasmin	Hester	8763893948	JasminHester@yahoo.com	Papine	UTECH	none	0
10Sa32p	Preston	Saunders	8763450200	PrestonSaunders@yahoo.com	Papine	UTECH	none	0
Walton0022	Eva	Walton	8764080208	EvaWalton@yahoo.com	Papine	UTECH	none	0
Bonilla430	Aaron	Bonilla	8764308400	AaronBonilla@yahoo.com	Papine	UTECH	none	0
Pollard89	Haiden	Pollard	8763483598	HaidenPollard@yahoo.com	Papine	UTECH	none	0
Mcmahon097	Mareli	Mcmahon	8763985839	MareliMcmahon@yahoo.com	Papine	UTECH	none	0
Br8r9r86	Roy	Bradford	8764983898	RoyBradford@yahoo.com	Papine	UTECH	none	0
Bruce9778	Adison	Bruce	8763834990	AdisonBruce@yahoo.com	Papine	UTECH	none	0
Gentry7689	Mike	Gentry	8768438984	MikeGentry@yahoo.com	Papine	UTECH	none	0
Hubbard709	Moriah	Hubbard	8763498374	MoriahHubbard@yahoo.com	Papine	UTECH	none	0
Barrera908	Agustin	Barrera	8764394993	AgustinBarrera@yahoo.com	Papine	UTECH	none	0
Estes877	Kylee	Estes	8764984899	KyleeEstes@yahoo.com	Papine	UTECH	none	0
Lynch070	Ronnie	Lynch	8764984378	RonnieLynch@yahoo.com	Papine	UTECH	none	0
Cline970	Marisa	Cline	8764984984	MarisaCline@yahoo.com	Papine	UTECH	none	0
11111dt$	Dalton	Valentine	8764894782	DaltonValentine@yahoo.com	Papine	UTECH	none	0
Gould8899	Priscilla	Haynes	8764898202	PriscillaHaynes@yahoo.com	Papine	UTECH	none	0
Haynes8934	Priscilla	Haynes	8764848209	PrissHaynes@yahoo.com	Papine	UTECH	none	0
Khan829	Albert	Khan	8764949389	AlbertKhan@yahoo.com	Papine	UTECH	none	0
Avery0023	Donna	Avery	8764939823	DonnaAvery@yahoo.com	Papine	UTECH	none	0
Dyer334	Arianna	Dyer	8764749829	AriannaDyer@yahoo.com	Papine	UTECH	none	0
Abbott0094	Enrique	Abbott	8764748984	EnriqueAbbott@yahoo.com	Papine	UTECH	none	0
Meadows093	Jaqueline	Meadows	8764398348	JaquelineMeadows@yahoo.com	Papine	UTECH	none	0
Rush3843	Santos	Rush	8764988489	SantosRush@yahoo.com	Papine	UTECH	none	0
Foley4842	Geovanni	Foley	8763498594	GeovanniFoley@yahoo.com	Papine	UTECH	none	0
Patel4898	Kaylee	Patel	8763485938	KayleePatel@yahoo.com	Papine	UTECH	none	0
Fr#209	Jude	Friedman	8763895799	JudeFriedman@yahoo.com	Papine	UTECH	none	0
Frud234	Parker	Frud	8764534556	ParkerFrud@gk.foods.co	Barbican	none	GKF	0
Fi%^533	Alfredo	Figueroa	8764453441	AlfredoFigueroa@gk.foods.co	Barbican	none	GKF	0
Michael5323	Liberty	Michael	8764564334	LibertyMichael@gk.foods.co	Barbican	none	GKF	0
Vega5409	Rory	Vega	8765464543	RoryVega@gk.foods.co	Barbican	none	GKF	0
Dean575	Arely	Dean	8764532325	ArelyDean@gk.foods.co	Barbican	none	GKF	0
Miller632	Abdiel	Miller	8765453435	AbdielMiller@gk.foods.co	Barbican	none	GKF	0
Gilbert093	Ariella	Gilbert	8765558400	AriellaGilbert@gk.foods.co	Barbican	none	GKF	0
Frazier765	Jeremy	Frazier	8764839039	JeremyFrazier@gk.foods.co	Barbican	none	GKF	0
Horne0909	Valentino	Horne	8763893049	ValentinoHorne@gk.foods.co	Barbican	none	GKF	0
Lewis787	Gisselle	Lewis	8764583489	GisselleLewis@gk.foods.co	Barbican	none	GKF	0
Norris97	Chasity	Norris	8769843849	ChasityNorris@gk.foods.co	Barbican	none	GKF	0
Pineda5687	Tate	Pineda	8764389348	TatePineda@gk.foods.co	Barbican	none	GKF	0
Kane99	Terrell	Kane	8763484092	TerrellKane@gk.foods.co	Barbican	none	GKF	0
Bra$$1	Camille	Bradshaw	8763849894	CamilleBradshaw@gk.foods.co	Barbican	none	GKF	0
Velez89	Hudson	Velez	8764384989	HudsonVelez@gk.foods.co	Barbican	none	GKF	0
Bennett155	Giovanna	Bennett	8764308482	GiovannaBennett@gk.foods.co	Barbican	none	GKF	0
Rowe909	Giada	Rowe	8763404804	GiadaRowe@gk.foods.co	Barbican	none	GKF	0
Vaughn353	Rodney	Vaughn	8763048840	RodneyVaughn@gk.foods.co	Barbican	none	GKF	0
Baird244	Hana	Baird	8764842988	HanaBaird@gk.foods.co	Barbican	none	GKF	0
Krueger532	Giovanny	Krueger	8763498598	GiovannyKrueger@gk.foods.co	Barbican	none	GKF	0
Blake023	Jasmine	Blake	8763894402	JasmineBlake@gk.foods.co	Barbican	none	GKF	0
Foley435	Derrick	Foley	8763984092	DerrickFoley@gk.foods.co	Barbican	none	GKF	0
Holmes5423	Kaylynn	Holmes	8763849820	KaylynnHolmes@gk.foods.co	Barbican	none	GKF	0
Buchanan343	Chloe	Buchanan	8763489849	ChloeBuchanan@gk.foods.co	Barbican	none	GKF	0
Clark45	Branson	Clark	8763894989	BransonClark@gk.foods.co	Barbican	none	GKF	0
Houston535	Kenley	Houston	8763984498	KenleyHouston@gk.foods.co	Barbican	none	GKF	0
Schmitt244	Reagan	Schmitt	8769849829	ReaganSchmitt@gk.foods.co	Barbican	none	GKF	0
Goodwin576	Brayan	Goodwin	8763984949	BrayanGoodwin@gk.foods.co	Barbican	none	GKF	0
Camacho76	Paola	Camacho	8763483948	PaolaCamacho@gk.foods.co	Barbican	none	GKF	0
Gibson65	Harmony	Gibson	8763489389	HarmonyGibson@gk.foods.co	Barbican	none	GKF	0
Calderon654	Giovanny	Calderon	8765653444	GiovannyCalderon@uwi.edu	MedowBrook	UWI	none	1
Mahoney654	Lilliana	Mahoney	8766644465	LillianaMahoney@uwi.edu	MedowBrook	UWI	none	1
Prince854	Kayleigh	Prince	8767545443	KayleighPrince@uwi.mona.edu	MedowBrook	UWI	none	1
Tran76	Asa	Tran	8766465665	AsaTran@uwi.mona.edu	MedowBrook	UWI	none	1
Edwards65	Brennen	Edwards	8766755454	BrennenEdwards@uwi.mona.edu	MedowBrook	UWI	none	1
Davila654	German	Davila	8765674333	GermanDavila@uwi.mona.edu	MedowBrook	UWI	none	1
$$ingr	Ava	Singleton	8765676432	AvaSingleton@uwi.mona.edu	MedowBrook	UWI	none	1
Palmer34	Ronnie	Palmer	8763577634	RonniePalmer@uwi.mona.edu	MedowBrook	UWI	none	1
Brooks567	Deborah	Brooks	8766674432	DeborahBrooks@uwi.mona.edu	MedowBrook	UWI	none	1
Barajas234	Hailee	Barajas	8766575434	HaileeBarajas@uwi.mona.edu	MedowBrook	UWI	none	1
Erickson345	Kaylie	Erickson	8766545342	KaylieErickson@uwi.mona.edu	MedowBrook	UWI	none	1
&$#rty	Audrey	Simmons	8763899434	AudreySimmons@uwi.mona.edu	MedowBrook	UWI	none	1
Ellison765	Jagger	Ellison	8763787986	JaggerEllison@uwi.mona.edu	MedowBrook	UWI	none	1
Bridges765	Jan	Bridges	8766895342	JanBridges@uwi.mona.edu	MedowBrook	UWI	none	1
Reilly7687	Jonas	Reilly	8768906543	JonasReilly@uwi.mona.edu	MedowBrook	UWI	none	1
Murphy870	Samuel	Murphy	8765798064	SamuelMurphy@uwi.mona.edu	MedowBrook	UWI	none	1
Kent9865	Triston	Kent	8767865453	TristonKent@uwi.mona.edu	MedowBrook	UWI	none	1
Willis873	Keegan	Willis	8767775432	KeeganWillis@uwi.mona.edu	MedowBrook	UWI	none	1
Cain874	Zavier	Cain	8768997543	ZavierCain@uwi.mona.edu	MedowBrook	UWI	none	1
Morrison435	Jaidyn	Morrison	8769745332	JaidynMorrison@uwi.mona.edu	MedowBrook	UWI	none	1
Wang709	Zackery	Wang	8767545324	ZackeryWang@uwi.mona.edu	MedowBrook	UWI	none	1
Buchanan067	Karlie	Buchanan	8766897677	KarlieBuchanan@uwi.mona.edu	MedowBrook	UWI	none	1
Villa809	Gracelyn	Villa	8763456768	GracelynVilla@uwi.mona.edu	MedowBrook	UWI	none	1
Cooper8067	Heath	Cooper	8765869867	HeathCooper@uwi.mona.edu	MedowBrook	UWI	none	1
Randy689	Sarai	Randy	8766558865	SaraiRandy@uwi.mona.edu	MedowBrook	UWI	none	1
Ma57**9	Alondra	Marshall	8764367885	AlondraMarshall@uwi.edu	MedowBrook	UWI	none	1
Key657	Jazmine	Key	8763465567	JazmineKey@uwi.mona.edu	MedowBrook	UWI	none	1
Rollins822	Claudia	Rollins	8765467642	ClaudiaRollins@uwi.mona.edu	MedowBrook	UWI	none	1
Mendez280	Raymond	Mendez	8763465633	RaymondMendez@uwi.mona.edu	MedowBrook	UWI	none	1
Wagner920	Joselyn	Wagner	8763467653	JoselynWagner@uwi.mona.edu	MedowBrook	UWI	none	1
Cooley209	Alaina	Cooley	8764654644	AlainaCooley@gmail.com	Papine	UTECH	none	0
Gilbert390	Kamden	Gilbert	8763743483	KamdenGilbert@gmail.com	Papine	UTECH	none	0
Page309	Jamar	Page	8763983838	JamarPage@gmail.com	Papine	UTECH	none	0
Fowler3023	Ashlynn	Fowler	8763284742	AshlynnFowler@gmail.com	Papine	UTECH	none	0
Warner3920	Mark	Warner	8763839489	MarkWarner@gmail.com	Papine	UTECH	none	0
Bryan30	Micah	Bryan	8763738389	MicahBryan@gmail.com	Papine	UTECH	none	0
Love202	Juan	Love	8763638993	JuanLove@gmail.com	Papine	UTECH	none	0
White298	Diamond	White	8763747383	DiamondWhite@gmail.com	Papine	UTECH	none	0
Werner832	Malia	Werner	8763848493	MaliaWerner@gmail.com	Papine	UTECH	none	0
Beasley378	Kianna	Beasley	8763464534	KiannaBeasley@outlook.com	Liguanea	CMU	none	0
Gu##%1928	Karson	Gutierrez	8763448939	KarsonGutierrez@outlook.com	Liguanea	CMU	none	0
Douglas9043	Dustin	Douglas	8768483939	DustinDouglas@outlook.com	Liguanea	CMU	none	0
Reese8732	Deanna	Reese	8769994300	DeannaReese@outlook.com	Liguanea	CMU	none	0
Richard6734	Brynn	Richard	8769948893	BrynnRichard@outlook.com	Liguanea	CMU	none	0
&*$544	Thomas	Edwards	8769484930	ThomasEdwards@outlook.com	Liguanea	CMU	none	0
Hudson928	Hudson	Hudson	8769483930	HudsonHudson@outlook.com	Liguanea	CMU	none	0
Walsh928	Braxton	Walsh	8768489330	BraxtonWalsh@outlook.com	Liguanea	CMU	none	0
Grant092	Kolton	Grant	8764893900	KoltonGrant@outlook.com	Liguanea	CMU	none	0
Gates93	Nathen	Gates	8765873934	N07Gates@outlook.com	Liguanea	CMU	none	0
Patton0389	Anton	Patton	8748993828	6AntonPatton@outlook.com	Liguanea	CMU	none	0
Booth012	Isis	Booth	8764848939	IsisBooth@outlook.com	Liguanea	CMU	none	0
Farley0289	Barrett	Farley	8768499393	BarrettFarley@outlook.com	Liguanea	CMU	none	0
Ellis059	Kaitlin	Ellis	8764839928	KaitlinEllis@outlook.com	Liguanea	CMU	none	0
Potts754	Angeline	Potts	8764393829	AngelinePotts@outlook.com	Liguanea	CMU	none	0
Cook654	Roderick	Cook	8764858874	RoderickCook@outlook.com	Liguanea	CMU	none	0
Doug$	Carissa	Dougherty	8768478839	CarissaDoughert@outlook.com	Liguanea	CMU	none	0
Bradley880	Omar	Bradley	8768785854	OmarBradley@outlook.com	Liguanea	CMU	none	0
Hubbard435	Royce	Hubbard	8764857488	RoyceHubbard@outlook.com	Liguanea	CMU	none	0
Crosby85	Royce	Crosby	8768588894	RoyceCrosby@outlook.com	Liguanea	CMU	none	0
Watkins876	Jaquan	Watkins	8768558849	JaquanWatkins@outlook.com	Liguanea	CMU	none	0
Hinks97	Kasen	Hinks	8764858599	KasenHinks@outlook.com	Liguanea	CMU	none	0
Cuny$#	Teagan	Cunningham	8765783589	TeaganCunham@outlook.com	Liguanea	CMU	none	0
Steele8675	Anne	Steele	8765578938	AnneSteele@outlook.com	Liguanea	CMU	none	0
Page865	Susan	Page	8764858589	SusanPage@outlook.com	Liguanea	CMU	none	0
Cain567	Aedan	Cain	8765858589	AedanCain@outlook.com	Liguanea	CMU	none	0
Mclaug%	Wilson	Mclaughlin	8765858983	Willaughlin@outlook.com	Liguanea	CMU	none	0
Fox67	Nancy	Fox	8765883588	NancyFox@outlook.com	Liguanea	CMU	none	0
French58	Naomi	French	8768585893	NaomiFrench@outlook.com	Liguanea	CMU	none	0
Hancock07	Lincoln	Hancock	8764858859	LincolnHancock@outlook.com	Liguanea	CMU	none	0
Ro)*870	Ryan	Robertson	8765854994	RyanRobertson@outlook.com	Liguanea	CMU	none	0
